{"cameraMode":{"drawMode":0,"name":"Shaded","section":"Shading Mode"},"sceneLighting":true,"audioPlay":false,"sceneViewState":{"m_AlwaysRefresh":false,"showFog":false,"showSkybox":false,"showFlares":false,"showImageEffects":false,"showParticleSystems":false,"showVisualEffectGraphs":true,"m_FxEnabled":true},"in2DMode":false,"pivot":{"x":8.40494441986084,"y":-98.62648010253906,"z":364.5784606933594},"rotation":{"x":0.09525972604751587,"y":0.007144486531615257,"z":-0.0007823441410437226,"w":0.9955112338066101},"size":308.72344970703127,"orthographic":false}