{"cameraMode":{"drawMode":0,"name":"Shaded","section":"Shading Mode"},"sceneLighting":true,"audioPlay":false,"sceneViewState":{"showFog":false,"showMaterialUpdate":false,"showSkybox":false,"showFlares":false,"showImageEffects":false,"showParticleSystems":false},"in2DMode":false,"pivot":{"x":3.500000238418579,"y":6.204234600067139,"z":55.20000076293945},"rotation":{"x":0.07880418002605438,"y":-0.01794268935918808,"z":0.0014199106954038144,"w":0.9967301487922669},"size":98.88053894042969,"orthographic":false}